question,label
Why is chemical bonding essential for understanding substances?,chemistry
"Overall, mathematics is a dynamic and ever-evolving discipline that continues to shape our understanding of the world and drive technological advancements.",mathematics
What is biochemistry?,chemistry
What is the focus of organic chemistry?,chemistry
What are the main components of the cell theory?,biology
How has mathematical logic and set theory contributed to the foundation of mathematics?,mathematics
"In addition to these theories, there have been numerous inventions in chemistry that have transformed our lives. These include the development of synthetic materials such as plastics and polymers, the discovery of antibiotics which revolutionized medicine and the invention of analytical instruments such as mass spectrometers and chromatographs. Overall the field of chemistry encompasses a wide range of theories and inventions that have shaped our understanding of matter and have led to numerous technological advancements. From the atomic theory to chemical bonding and organic chemistry these theories have revolutionized our understanding of the composition structure and properties of substances. Chemistry plays a crucial role in various industries and fields of study and its applications are essential for improving our quality of life and addressing global challenges.",chemistry
How did the microprocessor and personal computer revolutionize communication and information access?,computer science
What role does DNA play in the field of genetics?,biology
Why is chemistry considered a central science?,chemistry
What is the fundamental theory in mathematics that deals with the properties and operations of numbers?,mathematics
What are some practical applications of algebra in different fields?,mathematics
What advancements has AI brought to areas such as speech recognition and image classification?,computer science
"What are Newton's laws of motion, and what did they lay the foundation for?",physics
How does chemistry contribute to environmental science?,chemistry
What are the ethical considerations in the field of genetic engineering?,biology
"What is mathematics, and why is it considered a fundamental discipline?",mathematics
"What does mathematical logic study, and how does it relate to the principles of valid reasoning?",mathematics
What is the focus of analytical chemistry?,chemistry
How does cryptography contribute to the secure communication of information?,computer science
What is the practical importance of electricity and magnetism in modern technology?,physics
"What is calculus, and how does it contribute to the study of change and motion?",mathematics
What is the overall role of biology in various industries and fields of study?,biology
What is the focus of inorganic chemistry?,chemistry
What does the general theory of relativity describe?,physics
"What is geometry, and how does it apply to architecture, engineering, and navigation?",mathematics
In what fields do probability theory and statistics find applications?,mathematics
What concept does quantum mechanics introduce regarding particles?,physics
"Who proposed the atomic theory, and when?",chemistry
How do genetic variations occur within populations?,biology
What technologies were developed as a result of Maxwell's equations unifying electricity and magnetism?,physics
Name some examples of organic compounds.,chemistry
"Overall, how would you describe computer science?",computer science
How has the study of angles in geometry found practical applications in fields like engineering?,mathematics
What is the relationship between biochemistry and biotechnology?,biology
What is the role of mathematical principles in ensuring the authenticity of data in secure communication?,mathematics
What does the special theory of relativity deal with?,physics
How does chemistry impact the field of catalysis?,chemistry
In what ways has the study of microbiology influenced medicine?,biology
How do mathematical theories like calculus contribute to advancements in physics?,mathematics
What is physics?,physics
"What are data structures, and why are they essential in computer science?",computer science
Name some operating systems and explain their impact on the computing industry.,computer science
How has chemistry influenced the development of biofuels?,chemistry
"How do ecosystems respond to climate change, according to ecological studies?",biology
How does the field of physical chemistry contribute to spectroscopy?,chemistry
What impact did the discovery of antibiotics have on medicine?,chemistry
"Who made significant contributions to geometry, and what foundation did they lay for its study?",mathematics
What does the atomic theory state?,chemistry
What are some applications of biochemistry?,chemistry
What are the environmental implications of genetic engineering in agriculture?,biology
"How has the Internet revolutionized global communication, and what technologies have played a role?",computer science
"What is calculus, and how does it contribute to the study of change and motion?",mathematics
What is chemistry?,chemistry
What is the significance of the discovery of radioactivity?,physics
How does arithmetic provide the foundation for more advanced branches of mathematics?,mathematics
What impact has the development of mathematical logic and set theory had on the consistency of mathematical systems?,mathematics
How does ecology contribute to addressing environmental issues?,biology
What is the role of enzymes in biochemical processes?,biology
What applications does genetics have in various fields?,biology
"What is biochemistry, and what does it focus on in living organisms?",biology
Name some topics explored in biochemistry.,chemistry
How do mass spectrometers contribute to chemical analysis?,chemistry
How has mathematics played a crucial role in various fields of study throughout history?,mathematics
What role does biochemistry play in various fields?,biology
How has the cell theory impacted the understanding of life?,biology
How did the invention of the transistor impact electronic devices?,computer science
"What are cryptographic algorithms and protocols, and how do they rely on mathematical principles?",mathematics
What role does chemistry play in addressing global challenges?,chemistry
What are some examples of applications of genetics in agriculture?,biology
"What is geometry, and how does it apply to architecture, engineering, and navigation?",mathematics
How have synthetic materials transformed our lives?,chemistry
"How have high-level programming languages such as C, Java, and Python impacted software development?",computer science
"Who formulated electromagnetism, and what does it explain?",physics
How do ecological principles guide conservation efforts?,biology
How does physical chemistry contribute to energy transfer?,chemistry
How did mathematical logic and set theory contribute to the foundation of mathematics?,mathematics
"How do algorithms contribute to computer science, and what are some examples?",computer science
"Who are the individuals credited with the invention of calculus, and how did it revolutionize the analysis of continuous change?",mathematics
"What is artificial intelligence (AI), and how does it contribute to computer science?",computer science
How does chemistry impact various industries?,chemistry
"What is ecology, and what topics does it explore?",biology
What are the key topics explored in physical chemistry?,chemistry
What technologies have been developed as a result of quantum mechanics?,physics
What are the key components of the nervous system studied in neuroscience?,biology
How do theories such as evolution and genetics revolutionize our understanding of living organisms?,biology
How has microbiology impacted medicine and food production?,biology
What are some computational models that have emerged from the theory of computation?,computer science
What is the role of operating systems in computer science?,computer science
"In addition to these theories, what inventions in biology have transformed our lives?",biology
"What is the theory of relativity, and who proposed it?",physics
What implications have Einstein's theories had for our understanding of the universe?,physics
How does the theory of chemical bonding explain the combination of atoms?,chemistry
What are some key theories in mathematics that have revolutionized our ability to solve problems?,mathematics
"What is number theory, and how does it relate to cryptography, computer science, and coding theory?",mathematics
"What is the common theme among classical mechanics, electromagnetism, and quantum mechanics?",physics
What is biology?,biology
"What is the theory of computation, and what does it study?",computer science
"What does mathematical logic study, and how does it relate to the principles of valid reasoning?",mathematics
How has mathematics played a crucial role in the development of cryptography?,mathematics
In what diverse applications does computer science find relevance?,computer science
What is the role of enzymes in biochemistry?,chemistry
What are the main topics explored in inorganic chemistry?,chemistry
How does the study of biomolecules contribute to drug development?,biology
How does the periodic table organize elements?,chemistry
"What is the development of the World Wide Web, and how did the invention of the web browser impact society?",computer science
What role does chemistry play in biotechnology?,chemistry
What theories have revolutionized our understanding of substances?,chemistry
How has neuroscience contributed to understanding neurological disorders?,biology
How did the concept of wave-particle duality challenge traditional notions of particle behavior?,physics
How does analytical chemistry contribute to forensic science?,chemistry
"What is set theory, and what does it deal with in the study of mathematics?",mathematics
"In addition to these theories, what inventions and discoveries in computer science have transformed our world?",computer science
How do probability and statistics contribute to the analysis and interpretation of data?,mathematics
Name some fields where analytical chemistry plays a crucial role.,chemistry
"What is graph theory, and where does it find applications?",mathematics
Name some relational database systems and explain their significance.,computer science
"Who developed classical mechanics, and what does it describe?",physics
What does the field of materials science study?,chemistry
"How did the invention of the number system, including zero and the decimal system, facilitate mathematical calculations?",mathematics
In what fields do probability theory and statistics find applications?,mathematics
"Who made significant contributions to geometry, and what foundation did they lay for its study?",mathematics
How has the field of neuroscience contributed to our understanding of brain disorders?,biology
How has the theory of evolution impacted the field of paleontology?,biology
How does the study of microorganisms contribute to advancements in medicine?,biology
"What is neuroscience, and what does it study?",biology
"Who proposed the theory of evolution, and what does it explain?",biology
What is the fundamental theory in mathematics that deals with the properties and operations of numbers?,mathematics
How will computer science play an increasingly important role as technology advances?,computer science
What is the historical significance of the Industrial Revolution powered by the steam engine?,physics
"What areas of research are active in quantum computing, and what potential applications are being explored?",computer science
In what ways has chemistry led to technological advancements?,chemistry
What role does biodiversity play in maintaining ecological balance?,biology
What is the significance of Maxwell's equations?,physics
How does biology contribute to improving human health?,biology
Why are computer networks and communication protocols important in computer science?,computer science
How do advanced imaging techniques contribute to medical research?,biology
